{
  "variance": 3.188238224538509e-07,
  "mean": -2.695126788410107e-08,
  "std": 6.8915405790903606e-06,
  "num_batches": 10
}