{
  "variance": 8.288650832355415e-08,
  "mean": -1.707919139448677e-08,
  "std": 5.9942290135950316e-06,
  "num_batches": 6
}